{
  "北海道": {
    "011000": "札幌",
    "012010": "函館",
    "013010": "旭川",
    "014010": "釧路",
    "015010": "稚内"
  },
  "東北": {
    "020010": "青森",
    "030010": "盛岡",
    "040010": "仙台",
    "050010": "秋田",
    "060010": "山形",
    "070010": "福島"
  },
  "関東": {
    "080010": "水戸",
    "090010": "宇都宮",
    "100010": "前橋",
    "110010": "さいたま",
    "120010": "千葉",
    "130010": "東京",
    "140010": "横浜"
  },
  "中部": {
    "150010": "新潟",
    "160010": "富山",
    "170010": "金沢",
    "180010": "福井",
    "190010": "甲府",
    "200010": "長野",
    "210010": "岐阜",
    "220010": "静岡",
    "230010": "名古屋"
  },
  "近畿": {
    "240010": "津",
    "250010": "大津",
    "260010": "京都",
    "270000": "大阪",
    "280010": "神戸",
    "290010": "奈良",
    "300010": "和歌山"
  },
  "中国": {
    "310010": "鳥取",
    "320010": "松江",
    "330010": "岡山",
    "340010": "広島",
    "350010": "下関"
  },
  "四国": {
    "360010": "徳島",
    "370000": "高松",
    "380010": "松山",
    "390010": "高知"
  },
  "九州": {
    "400010": "福岡",
    "410010": "佐賀",
    "420010": "長崎",
    "430010": "熊本",
    "440010": "大分",
    "450010": "宮崎",
    "460010": "鹿児島",
    "471010": "那覇"
  }
}